<?xml version="1.0" encoding="UTF-8"?>
<configuration>
	<include resource="org/springframework/boot/logging/logback/defaults.xml" />

	<appender name="CONSOLE" class="ch.qos.logback.core.ConsoleAppender">
		<encoder>
			<pattern>${CONSOLE_LOG_PATTERN}</pattern>
			<charset>utf8</charset>
		</encoder>
	</appender>

	<appender name="APP_LOG" class="ch.qos.logback.core.rolling.RollingFileAppender">
		<encoder>
			<pattern>${CONSOLE_LOG_PATTERN}</pattern>
			<charset>utf8</charset>
		</encoder>
  		<file>app.log</file>
		<rollingPolicy class="ch.qos.logback.core.rolling.FixedWindowRollingPolicy">
			<maxIndex>1</maxIndex>
			<fileNamePattern>app.log.%i</fileNamePattern>
		</rollingPolicy>
		<triggeringPolicy class="ch.qos.logback.core.rolling.SizeBasedTriggeringPolicy">
			<MaxFileSize>1MB</MaxFileSize>
		</triggeringPolicy>
	</appender>

	<logger name="org.apache.catalina.startup.DigesterFactory" level="ERROR" />
	<logger name="org.apache.catalina.util.LifecycleBase" level="ERROR" />
	<logger name="org.apache.coyote.http11.Http11NioProtocol" level="WARN" />
	<logger name="org.apache.sshd.common.util.SecurityUtils" level="WARN" />
	<logger name="org.apache.tomcat.util.net.NioSelectorPool" level="WARN" />
	<logger name="org.crsh.plugin" level="WARN" />
	<logger name="org.crsh.ssh" level="WARN" />
	<logger name="org.eclipse.jetty.util.component.AbstractLifeCycle" level="ERROR" />
	<logger name="org.hibernate.validator.internal.util.Version" level="WARN" />
	<logger name="org.springframework.boot.actuate.autoconfigure.CrshAutoConfiguration" level="WARN" />

	<root level="INFO">
		<appender-ref ref="CONSOLE" />
	</root>
</configuration>
